testX,testY,testZ,cluster,Silhouette (cluster)
continuous,continuous,continuous,discrete,continuous
,,,,meta
23.23,10.23,50.23,c1,0.70849983493
25.23,8.23,55.23,c1,0.754966214581
20.23,12.23,60.23,c1,0.5578469116
80.23,15.23,40.23,c2,0.724403977859
90.23,20.23,45.23,c2,0.848372950016
95.23,25.23,50.23,c2,0.80267647019
12.23,20.23,65.23,c3,0.0917224306505
4.23,45.23,60.23,c3,0.379476508438
15.23,25.23,64.23,c3,0.251223972503
